{
  "seed": 2101,
  "base": {
    "support_f1": 0.8617176128088229,
    "precision": 0.9999999999999966,
    "recall": 0.7570332480818395,
    "val_mse": 0.0999037001768779
  },
  "outlier": {
    "support_f1": 0.8483063328419241,
    "precision": 0.9999999999999964,
    "recall": 0.7365728900255735,
    "val_mse": 0.46932600161359134
  },
  "missing_data": {
    "support_f1": 0.8516886930978931,
    "precision": 0.9999999999999964,
    "recall": 0.74168797953964,
    "val_mse": 0.15557961004798496
  },
  "wrong_k_true_library": {
    "support_f1": 0.7755644090300693,
    "precision": 0.9999999999999992,
    "recall": 0.6334056399132318,
    "val_mse": 0.30695012403192085
  },
  "wrong_k_restricted_library": {
    "support_f1": 0.7317073170726729,
    "precision": 0.8080808080808053,
    "recall": 0.668523676880221,
    "val_mse": 2.1845349882046436
  }
}