{
  "config": {
    "n": 8,
    "t": 1600,
    "k": 2,
    "seed": 301,
    "sigma": 0.3,
    "em_iters": 18,
    "ridge": 0.01,
    "lambda_group": 0.06,
    "restarts": 4
  },
  "objective_history": [
    6396.63159243811,
    6396.778135283891,
    6396.924140043095,
    6397.0295224309875,
    6397.096961635517,
    6397.137226165962,
    6397.163207464961,
    6397.181195559945,
    6397.195846539082,
    6397.209346854498,
    6397.221377045527,
    6397.2311987612175,
    6397.238724846391,
    6397.244484654999,
    6397.249031189092,
    6397.252672167938,
    6397.255603053821,
    6397.2580438469195
  ],
  "loglik_history": [
    -3039.65294785694,
    -2504.696324068309,
    -2450.562884642171,
    -2408.1332355772797,
    -2381.836558560318,
    -2368.1611382940014,
    -2360.238194494264,
    -2354.498178575502,
    -2350.0274432397823,
    -2346.2210725397053,
    -2342.899429169488,
    -2340.164940920803,
    -2338.0704233717343,
    -2336.468792165339,
    -2335.1590632547836,
    -2334.0465778293606,
    -2333.0882405010125,
    -2332.2245519744183
  ],
  "loglik_monotone_fraction": 1.0,
  "final_regime_accuracy": 0.5753595997498436,
  "sigma2_final": 0.08095448085718299,
  "best_restart": 2,
  "transition_true": [
    [
      0.96,
      0.04
    ],
    [
      0.04,
      0.96
    ]
  ],
  "transition_est": [
    [
      0.8641261119840563,
      0.13587388801594377
    ],
    [
      0.14128543216302844,
      0.8587145678369715
    ]
  ]
}