{
  "seed": 7,
  "graphical_lasso": {
    "n": 20,
    "t": 1000,
    "edge_prob": 0.1,
    "best_alpha": 0.05,
    "best_ebic": 37978.92566240695,
    "best_val_log_likelihood": -26.73426351094711,
    "support_threshold": 0.05,
    "support_metrics": {
      "precision": 0.9047619047619048,
      "recall": 0.9047619047619048,
      "f1": 0.9047619047619048,
      "tp": 38,
      "fp": 4,
      "fn": 4,
      "tn": 334
    }
  },
  "sparse_lds": {
    "n": 20,
    "t": 1000,
    "edge_prob": 0.1,
    "sigma": 0.5,
    "validation_one_step_mse": 0.25388572992915354,
    "support_threshold": 0.05,
    "support_metrics": {
      "precision": 0.9714285714285714,
      "recall": 1.0,
      "f1": 0.9855072463768115,
      "tp": 34,
      "fp": 1,
      "fn": 0,
      "tn": 345
    }
  },
  "switching_lds": {
    "n": 10,
    "t": 1400,
    "k": 2,
    "edge_prob": 0.1,
    "sigma": 0.5,
    "obs_noise_sigma": 0.15,
    "support_threshold": 0.05,
    "regime_contrast_fro_ratio": 1.2982352632743215,
    "regime_support_diff_rate": 0.19,
    "selected_method": "hard_em",
    "regime_accuracy": 0.8806290207290922,
    "support_f1_mean": 0.9137931034482759,
    "support_f1_regime0": 1.0,
    "support_f1_regime1": 0.8275862068965518,
    "methods": {
      "hard_em": {
        "regime_accuracy": 0.8806290207290922,
        "support_f1_mean": 0.9137931034482759,
        "support_f1_regime0": 1.0,
        "support_f1_regime1": 0.8275862068965518,
        "sigma2_hat": 0.27285929140729975,
        "loglik": -10863.80362153285
      },
      "hard_em_stability": {
        "regime_accuracy": 0.8806290207290922,
        "support_f1_mean": 0.9615384615384615,
        "support_f1_regime0": 1.0,
        "support_f1_regime1": 0.923076923076923,
        "sigma2_hat": 0.27285929140729975,
        "loglik": -10863.80362153285
      },
      "soft_em_hmm": {
        "regime_accuracy": 0.5296640457469621,
        "support_f1_mean": 0.606060606060606,
        "support_f1_regime0": 0.5454545454545454,
        "support_f1_regime1": 0.6666666666666666,
        "sigma2_hat": 0.28227272319923324,
        "loglik": -11089.46409595986,
        "best_init_strategy": "window_ar_cluster"
      },
      "soft_em_hmm_stability": {
        "regime_accuracy": 0.5296640457469621,
        "support_f1_mean": 0.4857142857142857,
        "support_f1_regime0": 0.4,
        "support_f1_regime1": 0.5714285714285714,
        "sigma2_hat": 0.28227272319923324,
        "loglik": -11089.46409595986,
        "best_init_strategy": "window_ar_cluster"
      },
      "oracle_labels_ceiling": {
        "regime_accuracy": 1.0,
        "support_f1_mean": 1.0,
        "support_f1_regime0": 1.0,
        "support_f1_regime1": 1.0,
        "sigma2_hat": 0.2783765910040582
      },
      "oracle_labels_ceiling_stability": {
        "regime_accuracy": 1.0,
        "support_f1_mean": 0.9814814814814815,
        "support_f1_regime0": 1.0,
        "support_f1_regime1": 0.962962962962963,
        "sigma2_hat": 0.2783765910040582
      }
    }
  }
}