{
  "config": {
    "n": 10,
    "t": 1400,
    "sparsity": 0.1,
    "sigma": 0.5,
    "support_threshold": 0.05,
    "obs_noises": [
      0.0,
      0.15,
      0.3
    ],
    "seeds": 3,
    "seed_start": 31,
    "stability_bootstrap_runs": 8,
    "stability_subsample_frac": 0.75,
    "stability_freq_threshold": 0.55
  },
  "summary_by_obs_noise": {
    "0.00": {
      "runs": 3.0,
      "regime_accuracy_mean": 0.8127233738384559,
      "regime_accuracy_std": 0.22409404979702893,
      "support_f1_mean_mean": 0.8146288264409707,
      "support_f1_mean_std": 0.21002147922267814,
      "hard_support_f1_mean": 0.8146288264409707,
      "hard_stab_support_f1_mean": 0.825542457198804,
      "soft_support_f1_mean": 0.6610940229361282,
      "soft_stab_support_f1_mean": 0.6949324067745121,
      "oracle_support_f1_mean": 0.9706265171195246
    },
    "0.15": {
      "runs": 3.0,
      "regime_accuracy_mean": 0.8158208243983798,
      "regime_accuracy_std": 0.20389911137195746,
      "support_f1_mean_mean": 0.7907461341099786,
      "support_f1_mean_std": 0.19552729086148532,
      "hard_support_f1_mean": 0.7907461341099786,
      "hard_stab_support_f1_mean": 0.8185098130584946,
      "soft_support_f1_mean": 0.6175874844065902,
      "soft_stab_support_f1_mean": 0.6759682089209953,
      "oracle_support_f1_mean": 0.9302853092326776
    },
    "0.30": {
      "runs": 3.0,
      "regime_accuracy_mean": 0.7781748868239219,
      "regime_accuracy_std": 0.16193935514894103,
      "support_f1_mean_mean": 0.7056003967768674,
      "support_f1_mean_std": 0.13724129214391856,
      "hard_support_f1_mean": 0.7056003967768674,
      "hard_stab_support_f1_mean": 0.7298630563336445,
      "soft_support_f1_mean": 0.5609154831523252,
      "soft_stab_support_f1_mean": 0.5586231884057972,
      "oracle_support_f1_mean": 0.8441082713065917
    }
  },
  "runs": [
    {
      "obs_noise": 0.0,
      "seed": 31,
      "selected_method": "hard_em",
      "regime_accuracy": 0.9435310936383131,
      "support_f1_mean": 0.9516129032258065,
      "hard_regime_accuracy": 0.9435310936383131,
      "hard_support_f1_mean": 0.9516129032258065,
      "hard_stab_support_f1_mean": 0.9333333333333333,
      "soft_regime_accuracy": 0.505360972122945,
      "soft_support_f1_mean": 0.553030303030303,
      "soft_stab_support_f1_mean": 0.5887445887445887,
      "oracle_support_f1_mean": 0.9827586206896552
    },
    {
      "obs_noise": 0.0,
      "seed": 32,
      "selected_method": "hard_em",
      "regime_accuracy": 0.5539671193709793,
      "support_f1_mean": 0.572829131652661,
      "hard_regime_accuracy": 0.5539671193709793,
      "hard_support_f1_mean": 0.572829131652661,
      "hard_stab_support_f1_mean": 0.5855263157894737,
      "soft_regime_accuracy": 0.6082916368834882,
      "soft_support_f1_mean": 0.5568181818181819,
      "soft_stab_support_f1_mean": 0.625,
      "oracle_support_f1_mean": 0.9848484848484849
    },
    {
      "obs_noise": 0.0,
      "seed": 33,
      "selected_method": "hard_em",
      "regime_accuracy": 0.9406719085060757,
      "support_f1_mean": 0.9194444444444445,
      "hard_regime_accuracy": 0.9406719085060757,
      "hard_support_f1_mean": 0.9194444444444445,
      "hard_stab_support_f1_mean": 0.9577677224736048,
      "soft_regime_accuracy": 0.771265189421015,
      "soft_support_f1_mean": 0.8734335839598997,
      "soft_stab_support_f1_mean": 0.8710526315789474,
      "oracle_support_f1_mean": 0.9442724458204335
    },
    {
      "obs_noise": 0.15,
      "seed": 31,
      "selected_method": "hard_em",
      "regime_accuracy": 0.9370979270907791,
      "support_f1_mean": 0.9333333333333333,
      "hard_regime_accuracy": 0.9370979270907791,
      "hard_support_f1_mean": 0.9333333333333333,
      "hard_stab_support_f1_mean": 0.9482758620689655,
      "soft_regime_accuracy": 0.505360972122945,
      "soft_support_f1_mean": 0.5405092592592593,
      "soft_stab_support_f1_mean": 0.5729166666666667,
      "oracle_support_f1_mean": 0.9333333333333333
    },
    {
      "obs_noise": 0.15,
      "seed": 32,
      "selected_method": "hard_em",
      "regime_accuracy": 0.5804145818441744,
      "support_f1_mean": 0.5678524374176549,
      "hard_regime_accuracy": 0.5804145818441744,
      "hard_support_f1_mean": 0.5678524374176549,
      "hard_stab_support_f1_mean": 0.6102941176470589,
      "soft_regime_accuracy": 0.6082916368834882,
      "soft_support_f1_mean": 0.5166666666666667,
      "soft_stab_support_f1_mean": 0.6298245614035087,
      "oracle_support_f1_mean": 0.9393939393939394
    },
    {
      "obs_noise": 0.15,
      "seed": 33,
      "selected_method": "hard_em",
      "regime_accuracy": 0.9299499642601858,
      "support_f1_mean": 0.8710526315789474,
      "hard_regime_accuracy": 0.9299499642601858,
      "hard_support_f1_mean": 0.8710526315789474,
      "hard_stab_support_f1_mean": 0.8969594594594595,
      "soft_regime_accuracy": 0.7655468191565404,
      "soft_support_f1_mean": 0.7955865272938445,
      "soft_stab_support_f1_mean": 0.8251633986928104,
      "oracle_support_f1_mean": 0.9181286549707601
    },
    {
      "obs_noise": 0.3,
      "seed": 31,
      "selected_method": "hard_em",
      "regime_accuracy": 0.8513223731236598,
      "support_f1_mean": 0.7696078431372548,
      "hard_regime_accuracy": 0.8513223731236598,
      "hard_support_f1_mean": 0.7696078431372548,
      "hard_stab_support_f1_mean": 0.7761904761904761,
      "soft_regime_accuracy": 0.5525375268048606,
      "soft_support_f1_mean": 0.5257142857142856,
      "soft_stab_support_f1_mean": 0.5608695652173914,
      "oracle_support_f1_mean": 0.8249158249158249
    },
    {
      "obs_noise": 0.3,
      "seed": 32,
      "selected_method": "hard_em",
      "regime_accuracy": 0.592566118656183,
      "support_f1_mean": 0.5480480480480481,
      "hard_regime_accuracy": 0.592566118656183,
      "hard_support_f1_mean": 0.5480480480480481,
      "hard_stab_support_f1_mean": 0.5833333333333333,
      "soft_regime_accuracy": 0.6090064331665476,
      "soft_support_f1_mean": 0.4275,
      "soft_stab_support_f1_mean": 0.40666666666666673,
      "oracle_support_f1_mean": 0.8482758620689655
    },
    {
      "obs_noise": 0.3,
      "seed": 33,
      "selected_method": "hard_em",
      "regime_accuracy": 0.8906361686919227,
      "support_f1_mean": 0.7991452991452992,
      "hard_regime_accuracy": 0.8906361686919227,
      "hard_support_f1_mean": 0.7991452991452992,
      "hard_stab_support_f1_mean": 0.8300653594771241,
      "soft_regime_accuracy": 0.7419585418155825,
      "soft_support_f1_mean": 0.7295321637426899,
      "soft_stab_support_f1_mean": 0.7083333333333333,
      "oracle_support_f1_mean": 0.8591331269349846
    }
  ]
}