subject_id,craving_var
sub-0001,0.32102576123213006
sub-0002,0.9341181851624102
sub-0003,0.3560323168416894
sub-0004,0.18471529849824284
sub-0005,0.6720823770512635
sub-0006,0.458950181636282
sub-0007,0.9512032163551805
sub-0008,0.07332996061048686
