{
  "source_metrics": "results/phase2_step58_metrics_50/metrics_summary.json",
  "structural_slopes_loglog": {
    "k2_n20_sigma0.10": -1.0402033816794773,
    "k2_n20_sigma1.00": -2.0007133244772257,
    "k3_n20_sigma0.10": -0.28090063890509587,
    "k3_n20_sigma1.00": -0.45460044332362504,
    "k4_n20_sigma0.10": -0.6861598116697603,
    "k4_n20_sigma1.00": -0.6315600689228742,
    "k2_n80_sigma0.10": -0.9217760053365456,
    "k2_n80_sigma1.00": -2.120396459062465,
    "k3_n80_sigma0.10": -0.44428415490943535,
    "k3_n80_sigma1.00": -0.6357803198429108,
    "k4_n80_sigma0.10": -0.48368163308049195,
    "k4_n80_sigma1.00": -0.6494697905440928,
    "k2_n150_sigma0.10": -0.8720147636807455,
    "k2_n150_sigma1.00": -2.184207496326368,
    "k3_n150_sigma0.10": -0.3417173045290315,
    "k3_n150_sigma1.00": -0.5996676345659652,
    "k4_n150_sigma0.10": -0.3636379131274834,
    "k4_n150_sigma1.00": -0.6190501609172058
  },
  "switching_slopes_loglog": {
    "obs0.15": {
      "regime_error_slope_loglog": 0.03407172412209222,
      "state_mse_slope_loglog": -0.002677538312184606
    },
    "obs0.30": {
      "regime_error_slope_loglog": 0.3283521656600402,
      "state_mse_slope_loglog": 0.015352419407040916
    }
  }
}