{
  "config": {
    "seed": 705,
    "input_dim": 20,
    "k": 3,
    "time_steps": 80,
    "train_batch": 32,
    "val_batch": 16,
    "epochs_pretrain": 12,
    "epochs_finetune": 10,
    "lr": 0.001
  },
  "pretrain_k2": {
    "train_loss_history": [
      1.0900477170944214,
      1.0851881504058838,
      1.0809690952301025,
      1.077326774597168,
      1.074213981628418,
      1.071592092514038,
      1.069415807723999,
      1.0676062107086182,
      1.0660221576690674,
      1.0644601583480835,
      1.0627059936523438,
      1.0606095790863037
    ],
    "val_loss_history": [
      1.1174124479293823,
      1.124038815498352,
      1.1313170194625854,
      1.1392390727996826,
      1.1477479934692383,
      1.156671404838562,
      1.1656385660171509,
      1.1740425825119019,
      1.1811354160308838,
      1.1862988471984863,
      1.1892855167388916,
      1.190232753753662
    ],
    "val_acc_history": [
      0.2734375,
      0.2601562440395355,
      0.27031248807907104,
      0.28437501192092896,
      0.2906250059604645,
      0.30390626192092896,
      0.3046875,
      0.3046875,
      0.3031249940395355,
      0.30546873807907104,
      0.3031249940395355,
      0.296875
    ],
    "final_val_loss": 1.190232753753662,
    "final_val_acc": 0.296875
  },
  "finetune_k3_from_curriculum": {
    "train_loss_history": [
      1.1179559230804443,
      1.1095987558364868,
      1.103041410446167,
      1.0978749990463257,
      1.093777060508728,
      1.0904886722564697,
      1.0878034830093384,
      1.0855553150177002,
      1.083604097366333,
      1.0818266868591309
    ],
    "val_loss_history": [
      1.1263498067855835,
      1.119856595993042,
      1.1149238348007202,
      1.1112169027328491,
      1.1084786653518677,
      1.1065106391906738,
      1.1051585674285889,
      1.104298710823059,
      1.103827714920044,
      1.103656530380249
    ],
    "val_acc_history": [
      0.32421875,
      0.31171876192092896,
      0.30000001192092896,
      0.29765623807907104,
      0.30000001192092896,
      0.29609376192092896,
      0.29609376192092896,
      0.2984375059604645,
      0.2953124940395355,
      0.3031249940395355
    ],
    "final_val_loss": 1.103656530380249,
    "final_val_acc": 0.3031249940395355
  },
  "scratch_k3": {
    "train_loss_history": [
      1.0958112478256226,
      1.0931222438812256,
      1.0905942916870117,
      1.0881484746932983,
      1.085708498954773,
      1.0832030773162842,
      1.0805710554122925,
      1.0777661800384521,
      1.0747538805007935,
      1.0715041160583496
    ],
    "val_loss_history": [
      1.099744200706482,
      1.1002814769744873,
      1.1008859872817993,
      1.1015050411224365,
      1.1021007299423218,
      1.1026585102081299,
      1.1031945943832397,
      1.1037532091140747,
      1.1043950319290161,
      1.1051874160766602
    ],
    "val_acc_history": [
      0.34687501192092896,
      0.3515625,
      0.3609375059604645,
      0.35859376192092896,
      0.35546875,
      0.35468751192092896,
      0.359375,
      0.3539062440395355,
      0.35859376192092896,
      0.3609375059604645
    ],
    "final_val_loss": 1.1051874160766602,
    "final_val_acc": 0.3609375059604645
  },
  "curriculum_gain": {
    "val_loss_delta": 0.0015308856964111328,
    "val_acc_delta": -0.057812511920928955
  }
}