{
  "seed": 17,
  "n": 10,
  "t": 700,
  "edge_prob": 0.12,
  "noise_sigma": 0.25,
  "support_threshold": 0.08,
  "single_run_support": {
    "precision": 0.9999999999999767,
    "recall": 0.7543859649122674,
    "f1": 0.8599999999994926,
    "tp": 43,
    "fp": 0,
    "fn": 14,
    "tn": 393
  },
  "noise_sweep": {
    "0.15": {
      "runs": 3.0,
      "f1_mean": 0.8823112500590198,
      "f1_std": 0.042452560758684484,
      "precision_mean": 0.9999999999999774,
      "recall_mean": 0.7920420098375519
    },
    "0.25": {
      "runs": 3.0,
      "f1_mean": 0.867960662525372,
      "f1_std": 0.040227548805081136,
      "precision_mean": 0.9999999999999766,
      "recall_mean": 0.7689887897506157
    },
    "0.35": {
      "runs": 3.0,
      "f1_mean": 0.8466655707156984,
      "f1_std": 0.026608792523221847,
      "precision_mean": 0.9999999999999757,
      "recall_mean": 0.7350148707389484
    },
    "0.50": {
      "runs": 3.0,
      "f1_mean": 0.8181437547725038,
      "f1_std": 0.024903376407499477,
      "precision_mean": 0.9999999999999744,
      "recall_mean": 0.693012182566906
    }
  }
}