{
  "seed": 1901,
  "pairwise_sparse_lds": {
    "n": 30,
    "t": 1200,
    "edge_prob": 0.1,
    "sigma": 0.5,
    "validation_one_step_mse": 0.2533546600142098,
    "support_threshold": 0.05,
    "support_metrics": {
      "precision": 0.9878048780487805,
      "recall": 0.9878048780487805,
      "f1": 0.9878048780487805,
      "tp": 81,
      "fp": 1,
      "fn": 1,
      "tn": 787
    }
  },
  "highorder_baseline_comparison": {
    "k3": {
      "k_true": 3,
      "sparse_hyper_val_mse": 0.13073576587015917,
      "sindy_val_mse": 0.1234450602612847,
      "pairwise_only_val_mse": 0.5968855522398172,
      "sparse_hyper_support_f1": 0.8509984639011982,
      "sindy_support_f1": 0.9016152716588266,
      "mse_gain_pair_minus_sparse": 0.46614978636965804,
      "mse_gain_sindy_minus_sparse": -0.007290705608874473
    },
    "k4": {
      "k_true": 4,
      "sparse_hyper_val_mse": 0.3972842317929275,
      "sindy_val_mse": 0.1455571532842149,
      "pairwise_only_val_mse": 2.571086536814819,
      "sparse_hyper_support_f1": 0.7348263550790544,
      "sindy_support_f1": 0.9132980206295562,
      "mse_gain_pair_minus_sparse": 2.1738023050218915,
      "mse_gain_sindy_minus_sparse": -0.25172707850871257
    }
  }
}