{
  "config": {
    "n": 10,
    "k": 3,
    "t": 1600,
    "sigma": 0.1,
    "obs_noise": 0.2,
    "edge_prob": 0.12,
    "support_threshold": 0.05,
    "seeds": [
      9101,
      9102,
      9103
    ],
    "difficulties": {
      "easy": {
        "min_support_diff": 0.24,
        "min_fro_ratio": 0.9
      },
      "medium": {
        "min_support_diff": 0.18,
        "min_fro_ratio": 0.75
      },
      "hard": {
        "min_support_diff": 0.15,
        "min_fro_ratio": 0.6
      }
    },
    "baseline_selection_mode": "loglik",
    "upgraded_selection_mode": "bic",
    "baseline_alpha_scales": [
      0.35
    ],
    "upgraded_alpha_scales": [
      0.3,
      0.45,
      0.6
    ]
  },
  "runs": [
    {
      "seed": 9101,
      "upgraded": false,
      "init_strategy": "residual_split",
      "regime_accuracy": 0.3383364602876798,
      "support_f1_mean": 0.14155844155844155,
      "support_f1_per_regime": [
        0.14285714285714288,
        0.1818181818181818,
        0.1
      ],
      "sigma2_hat": 0.05015492855781139,
      "loglik": 1100.5914049720986,
      "transition_l1": 0.4023213262595924,
      "selection_mode": "loglik",
      "difficulty": "easy",
      "mode": "baseline"
    },
    {
      "seed": 9101,
      "upgraded": true,
      "init_strategy": "window_ar_cluster",
      "regime_accuracy": 0.4371482176360225,
      "support_f1_mean": 0.031746031746031744,
      "support_f1_per_regime": [
        0.0,
        0.09523809523809523,
        0.0
      ],
      "sigma2_hat": 0.05008140400046024,
      "loglik": 1072.5951564067893,
      "transition_l1": 0.0407083422399528,
      "selection_mode": "bic",
      "difficulty": "easy",
      "mode": "upgraded"
    },
    {
      "seed": 9101,
      "upgraded": false,
      "init_strategy": "residual_split",
      "regime_accuracy": 0.3764853033145716,
      "support_f1_mean": 0.1705948372615039,
      "support_f1_per_regime": [
        0.3636363636363636,
        0.14814814814814814,
        0.0
      ],
      "sigma2_hat": 0.05005899831676563,
      "loglik": 1139.2758557330037,
      "transition_l1": 0.3869954687382368,
      "selection_mode": "loglik",
      "difficulty": "medium",
      "mode": "baseline"
    },
    {
      "seed": 9101,
      "upgraded": true,
      "init_strategy": "local_ar_gmm_sticky",
      "regime_accuracy": 0.4046278924327705,
      "support_f1_mean": 0.0,
      "support_f1_per_regime": [
        0.0,
        0.0,
        0.0
      ],
      "sigma2_hat": 0.04967792856054098,
      "loglik": 1110.1508036526832,
      "transition_l1": 0.04193389639256195,
      "selection_mode": "bic",
      "difficulty": "medium",
      "mode": "upgraded"
    },
    {
      "seed": 9101,
      "upgraded": false,
      "init_strategy": "residual_split",
      "regime_accuracy": 0.3764853033145716,
      "support_f1_mean": 0.1705948372615039,
      "support_f1_per_regime": [
        0.3636363636363636,
        0.14814814814814814,
        0.0
      ],
      "sigma2_hat": 0.05005899831676563,
      "loglik": 1139.2758557330037,
      "transition_l1": 0.3869954687382368,
      "selection_mode": "loglik",
      "difficulty": "hard",
      "mode": "baseline"
    },
    {
      "seed": 9101,
      "upgraded": true,
      "init_strategy": "local_ar_gmm_sticky",
      "regime_accuracy": 0.4046278924327705,
      "support_f1_mean": 0.0,
      "support_f1_per_regime": [
        0.0,
        0.0,
        0.0
      ],
      "sigma2_hat": 0.04967792856054098,
      "loglik": 1110.1508036526832,
      "transition_l1": 0.04193389639256195,
      "selection_mode": "bic",
      "difficulty": "hard",
      "mode": "upgraded"
    },
    {
      "seed": 9102,
      "upgraded": false,
      "init_strategy": "residual_split",
      "regime_accuracy": 0.3539712320200125,
      "support_f1_mean": 0.18438970990695128,
      "support_f1_per_regime": [
        0.09523809523809523,
        0.32,
        0.13793103448275862
      ],
      "sigma2_hat": 0.05031436881500102,
      "loglik": 1068.9987934495898,
      "transition_l1": 0.40919841807494023,
      "selection_mode": "loglik",
      "difficulty": "easy",
      "mode": "baseline"
    },
    {
      "seed": 9102,
      "upgraded": true,
      "init_strategy": "window_ar_cluster",
      "regime_accuracy": 0.43026891807379614,
      "support_f1_mean": 0.0909090909090909,
      "support_f1_per_regime": [
        0.2727272727272727,
        0.0,
        0.0
      ],
      "sigma2_hat": 0.050289450039394196,
      "loglik": 1041.0565880569156,
      "transition_l1": 0.03969073388955161,
      "selection_mode": "bic",
      "difficulty": "easy",
      "mode": "upgraded"
    },
    {
      "seed": 9102,
      "upgraded": false,
      "init_strategy": "residual_split",
      "regime_accuracy": 0.3621013133208255,
      "support_f1_mean": 0.1558080808080808,
      "support_f1_per_regime": [
        0.1,
        0.24242424242424246,
        0.125
      ],
      "sigma2_hat": 0.04992578214310814,
      "loglik": 1137.75953310103,
      "transition_l1": 0.4020191606655074,
      "selection_mode": "loglik",
      "difficulty": "medium",
      "mode": "baseline"
    },
    {
      "seed": 9102,
      "upgraded": true,
      "init_strategy": "local_ar_gmm_sticky",
      "regime_accuracy": 0.37210756722951843,
      "support_f1_mean": 0.041666666666666664,
      "support_f1_per_regime": [
        0.0,
        0.125,
        0.0
      ],
      "sigma2_hat": 0.049873220126204744,
      "loglik": 1110.079181020428,
      "transition_l1": 0.04107819230689139,
      "selection_mode": "bic",
      "difficulty": "medium",
      "mode": "upgraded"
    },
    {
      "seed": 9102,
      "upgraded": false,
      "init_strategy": "residual_split",
      "regime_accuracy": 0.3621013133208255,
      "support_f1_mean": 0.1558080808080808,
      "support_f1_per_regime": [
        0.1,
        0.24242424242424246,
        0.125
      ],
      "sigma2_hat": 0.04992578214310814,
      "loglik": 1137.75953310103,
      "transition_l1": 0.4020191606655074,
      "selection_mode": "loglik",
      "difficulty": "hard",
      "mode": "baseline"
    },
    {
      "seed": 9102,
      "upgraded": true,
      "init_strategy": "local_ar_gmm_sticky",
      "regime_accuracy": 0.37210756722951843,
      "support_f1_mean": 0.041666666666666664,
      "support_f1_per_regime": [
        0.0,
        0.125,
        0.0
      ],
      "sigma2_hat": 0.049873220126204744,
      "loglik": 1110.079181020428,
      "transition_l1": 0.04107819230689139,
      "selection_mode": "bic",
      "difficulty": "hard",
      "mode": "upgraded"
    },
    {
      "seed": 9103,
      "upgraded": false,
      "init_strategy": "kmeans_delta",
      "regime_accuracy": 0.3433395872420263,
      "support_f1_mean": 0.07905982905982906,
      "support_f1_per_regime": [
        0.15384615384615383,
        0.08333333333333334,
        0.0
      ],
      "sigma2_hat": 0.04996993886487368,
      "loglik": 1188.2578802469093,
      "transition_l1": 0.4912980182612242,
      "selection_mode": "loglik",
      "difficulty": "easy",
      "mode": "baseline"
    },
    {
      "seed": 9103,
      "upgraded": true,
      "init_strategy": "window_ar_cluster",
      "regime_accuracy": 0.3821138211382114,
      "support_f1_mean": 0.06666666666666667,
      "support_f1_per_regime": [
        0.19999999999999998,
        0.0,
        0.0
      ],
      "sigma2_hat": 0.049383437930531994,
      "loglik": 1168.5712814068524,
      "transition_l1": 0.0401334234749266,
      "selection_mode": "bic",
      "difficulty": "easy",
      "mode": "upgraded"
    },
    {
      "seed": 9103,
      "upgraded": false,
      "init_strategy": "kmeans_delta",
      "regime_accuracy": 0.3602251407129456,
      "support_f1_mean": 0.028985507246376812,
      "support_f1_per_regime": [
        0.08695652173913043,
        0.0,
        0.0
      ],
      "sigma2_hat": 0.05062859601365738,
      "loglik": 1077.6875481464374,