{
  "config": {
    "n": 10,
    "k": 3,
    "t": 1000,
    "sigma": 0.1,
    "obs_noise": 0.2,
    "edge_prob": 0.12,
    "support_threshold": 0.05,
    "seeds": [
      9401,
      9402,
      9403
    ],
    "difficulties": {
      "easy": {
        "min_support_diff": 0.24,
        "min_fro_ratio": 0.9
      },
      "medium": {
        "min_support_diff": 0.18,
        "min_fro_ratio": 0.75
      },
      "hard": {
        "min_support_diff": 0.15,
        "min_fro_ratio": 0.6
      }
    },
    "baseline_selection_mode": "loglik",
    "upgraded_selection_mode": "loglik",
    "baseline_alpha_scales": [
      0.35
    ],
    "upgraded_alpha_scales": [
      0.25,
      0.35,
      0.45
    ],
    "min_support_nnz": 2
  },
  "runs": [
    {
      "seed": 9401,
      "upgraded": false,
      "init_strategy": "kmeans_delta",
      "regime_accuracy": 0.3433433433433433,
      "support_f1_mean": 0.11428571428571428,
      "support_f1_per_regime": [
        0.0,
        0.34285714285714286,
        0.0
      ],
      "sigma2_hat": 0.05065187008380193,
      "loglik": 640.4261095862539,
      "transition_l1": 0.4607717198920221,
      "selection_mode": "loglik",
      "support_nnz": 27,
      "difficulty": "easy",
      "mode": "baseline"
    },
    {
      "seed": 9401,
      "upgraded": true,
      "init_strategy": "kmeans_full",
      "regime_accuracy": 0.46046046046046046,
      "support_f1_mean": 0.15073891625615762,
      "support_f1_per_regime": [
        0.14285714285714285,
        0.17142857142857143,
        0.13793103448275862
      ],
      "sigma2_hat": 0.04985391047685205,
      "loglik": 648.7740875864935,
      "transition_l1": 0.24939007976326863,
      "selection_mode": "loglik",
      "support_nnz": 33,
      "difficulty": "easy",
      "mode": "upgraded"
    },
    {
      "seed": 9401,
      "upgraded": false,
      "init_strategy": "kmeans_delta",
      "regime_accuracy": 0.3533533533533533,
      "support_f1_mean": 0.06878306878306878,
      "support_f1_per_regime": [
        0.0,
        0.1111111111111111,
        0.09523809523809525
      ],
      "sigma2_hat": 0.049358517582478105,
      "loglik": 749.259503317836,
      "transition_l1": 0.47934084996104015,
      "selection_mode": "loglik",
      "support_nnz": 20,
      "difficulty": "medium",
      "mode": "baseline"
    },
    {
      "seed": 9401,
      "upgraded": true,
      "init_strategy": "kmeans_full",
      "regime_accuracy": 0.4074074074074074,
      "support_f1_mean": 0.12262618690654674,
      "support_f1_per_regime": [
        0.125,
        0.06896551724137932,
        0.17391304347826086
      ],
      "sigma2_hat": 0.04850309878297059,
      "loglik": 772.6136224613111,
      "transition_l1": 0.1996896278860701,
      "selection_mode": "loglik",
      "support_nnz": 38,
      "difficulty": "medium",
      "mode": "upgraded"
    },
    {
      "seed": 9401,
      "upgraded": false,
      "init_strategy": "residual_split",
      "regime_accuracy": 0.34734734734734735,
      "support_f1_mean": 0.0,
      "support_f1_per_regime": [
        0.0,
        0.0,
        0.0
      ],
      "sigma2_hat": 0.049602749726086436,
      "loglik": 733.2770250418465,
      "transition_l1": 0.36759777121194315,
      "selection_mode": "loglik",
      "support_nnz": 18,
      "difficulty": "hard",
      "mode": "baseline"
    },
    {
      "seed": 9401,
      "upgraded": true,
      "init_strategy": "kmeans_full",
      "regime_accuracy": 0.3733733733733734,
      "support_f1_mean": 0.1414141414141414,
      "support_f1_per_regime": [
        0.09090909090909093,
        0.0,
        0.33333333333333326
      ],
      "sigma2_hat": 0.048514083100584186,
      "loglik": 758.9679994752315,
      "transition_l1": 0.1943535128690728,
      "selection_mode": "loglik",
      "support_nnz": 26,
      "difficulty": "hard",
      "mode": "upgraded"
    },
    {
      "seed": 9402,
      "upgraded": false,
      "init_strategy": "residual_split",
      "regime_accuracy": 0.35235235235235235,
      "support_f1_mean": 0.23931623931623927,
      "support_f1_per_regime": [
        0.0,
        0.3846153846153846,
        0.3333333333333333
      ],
      "sigma2_hat": 0.04951740622631728,
      "loglik": 747.6798214766649,
      "transition_l1": 0.41677043906997036,
      "selection_mode": "loglik",
      "support_nnz": 31,
      "difficulty": "easy",
      "mode": "baseline"
    },
    {
      "seed": 9402,
      "upgraded": true,
      "init_strategy": "kmeans_full",
      "regime_accuracy": 0.45645645645645644,
      "support_f1_mean": 0.2771672771672772,
      "support_f1_per_regime": [
        0.1904761904761905,
        0.23076923076923078,
        0.41025641025641024
      ],
      "sigma2_hat": 0.048540996745825966,
      "loglik": 771.1583988679895,
      "transition_l1": 0.25770385817621305,
      "selection_mode": "loglik",
      "support_nnz": 43,
      "difficulty": "easy",
      "mode": "upgraded"
    },
    {
      "seed": 9402,
      "upgraded": false,
      "init_strategy": "residual_split",
      "regime_accuracy": 0.3783783783783784,
      "support_f1_mean": 0.08888888888888889,
      "support_f1_per_regime": [
        0.0,
        0.26666666666666666,
        0.0
      ],
      "sigma2_hat": 0.049542626931992365,
      "loglik": 777.4319169103692,
      "transition_l1": 0.38647391120668306,
      "selection_mode": "loglik",
      "support_nnz": 19,
      "difficulty": "medium",
      "mode": "baseline"
    },
    {
      "seed": 9402,
      "upgraded": true,
      "init_strategy": "kmeans_full",
      "regime_accuracy": 0.43343343343343343,
      "support_f1_mean": 0.07017543859649124,
      "support_f1_per_regime": [
        0.0,
        0.2105263157894737,
        0.0
      ],
      "sigma2_hat": 0.04887258149303756,
      "loglik": 787.5402396991376,
      "transition_l1": 0.20692412734010876,
      "selection_mode": "loglik",
      "support_nnz": 14,
      "difficulty": "medium",
      "mode": "upgraded"
    },
    {
      "seed": 9402,
      "upgraded": false,
      "init_strategy": "kmeans_delta",
      "regime_accuracy": 0.3663663663663664,
      "support_f1_mean": 0.047619047619047616,
      "support_f1_per_regime": [
        0.0,
        0.0,
        0.14285714285714285
      ],
      "sigma2_hat": 0.04917978263093359,
      "loglik": 777.1174278034773,
      "transition_l1": 0.4814982880084653,
      "selection_mode": "loglik",
      "support_nnz": 17,
      "difficulty": "hard",
      "mode": "baseline"
    },
    {
      "seed": 9402,
      "upgraded": true,
      "init_strategy": "local_ar_gmm_sticky",
      "regime_accuracy": 0.42342342342342343,
      "support_f1_mean": 0.1322751322751323,
      "support_f1_per_regime": [
        0.28571428571428575,
        0.0,
        0.11111111111111112
      ],
      "sigma2_hat": 0.04852716045360915,
      "loglik": 825.3544439044791,
      "transition_l1": 0.03944973630492514,
      "selection_mode": "loglik",
      "support_nnz": 18,
      "difficulty": "hard",
      "mode": "upgraded"
    },
    {
      "seed": 9403,
      "upgraded": false,
      "init_strategy": "residual_split",
      "regime_accuracy": 0.3483483483483483,
      "support_f1_mean": 0.0866750208855472,
      "support_f1_per_regime": [
        0.10526315789473685,
        0.07142857142857144,
        0.08333333333333334
      ],
      "sigma2_hat": 0.05005484909368849,
      "loglik": 665.7333030499495,
      "transition_l1": 0.36776077424289727,
      "selection_mode": "loglik",
      "support_nnz": 30,
      "difficulty": "easy",
      "mode": "baseline"
    },
    {
      "seed": 9403,
      "upgraded": true,
      "init_strategy": "kmeans_full",
      "regime_accuracy": 0.44244244244244246,
      "support_f1_mean": 0.2828282828282828,
      "support_f1_per_regime": [
        0.2727272727272727,
        0.33333333333333337,
        0.2424242424242424
      ],
      "sigma2_hat": 0.04914183483264491,
      "loglik": 683.8287724346854,